username,permission_count,role_count,existing_excessive_finding,permission_per_role,permission_z_score,role_z_score,anomaly_prediction,anomaly_score,is_anomaly,anomaly_risk_score,ai_cluster,cluster_risk_rank,cluster_risk_level,ai_risk_score,ai_risk_level,ai_risk_explanation,ai_recommendation
awhite,19.0,6,1,3.1666666666666665,4.261597620911409,6.325626316010069,-1,-0.21096168033823093,1,0.21096168033823093,2,1,Critical,98.0,Critical,User has a permission count within the highest 10% of the organization. User holds an unusually high number of roles. Isolation Forest detected an unusual access pattern. K-Means placed the user in a critical-privilege cluster. User was previously identified with potentially excessive permissions.,Immediate security review recommended. Validate business need and remove unnecessary permissions using least-privilege principles.
mwhite1,19.0,5,1,3.8,4.261597620911409,4.982605866751031,-1,-0.14752815964370392,1,0.14752815964370392,2,1,Critical,94.67,Critical,User has a permission count within the highest 10% of the organization. User holds an unusually high number of roles. Isolation Forest detected an unusual access pattern. K-Means placed the user in a critical-privilege cluster. User was previously identified with potentially excessive permissions.,Immediate security review recommended. Validate business need and remove unnecessary permissions using least-privilege principles.
mmartinez1,20.0,4,1,5.0,4.570036531954454,3.6395854174919933,-1,-0.19677579022285063,1,0.19677579022285063,2,1,Critical,93.33,Critical,User has a permission count within the highest 10% of the organization. User holds an unusually high number of roles. Isolation Forest detected an unusual access pattern. K-Means placed the user in a critical-privilege cluster. User was previously identified with potentially excessive permissions.,Immediate security review recommended. Validate business need and remove unnecessary permissions using least-privilege principles.
aanderson2,18.0,5,1,3.6,3.953158709868364,4.982605866751031,-1,-0.12295740156871482,1,0.12295740156871482,2,1,Critical,92.67,Critical,User has a permission count within the highest 10% of the organization. User holds an unusually high number of roles. Isolation Forest detected an unusual access pattern. K-Means placed the user in a critical-privilege cluster. User was previously identified with potentially excessive permissions.,Immediate security review recommended. Validate business need and remove unnecessary permissions using least-privilege principles.
etaylor,17.0,5,1,3.4,3.6447197988253186,4.982605866751031,-1,-0.09517267950353825,1,0.09517267950353825,2,1,Critical,90.67,Critical,User has a permission count within the highest 10% of the organization. User holds an unusually high number of roles. Isolation Forest detected an unusual access pattern. K-Means placed the user in a critical-privilege cluster. User was previously identified with potentially excessive permissions.,Immediate security review recommended. Validate business need and remove unnecessary permissions using least-privilege principles.
emiller,17.0,5,1,3.4,3.6447197988253186,4.982605866751031,-1,-0.09517267950353825,1,0.09517267950353825,2,1,Critical,90.67,Critical,User has a permission count within the highest 10% of the organization. User holds an unusually high number of roles. Isolation Forest detected an unusual access pattern. K-Means placed the user in a critical-privilege cluster. User was previously identified with potentially excessive permissions.,Immediate security review recommended. Validate business need and remove unnecessary permissions using least-privilege principles.
mperez,16.0,4,1,4.0,3.336280887782273,3.6395854174919933,-1,-0.12301803002511147,1,0.12301803002511147,2,1,Critical,85.33,Critical,User has a permission count within the highest 10% of the organization. User holds an unusually high number of roles. Isolation Forest detected an unusual access pattern. K-Means placed the user in a critical-privilege cluster. User was previously identified with potentially excessive permissions.,Immediate security review recommended. Validate business need and remove unnecessary permissions using least-privilege principles.
csmith,14.0,5,1,2.8,2.7194030656961825,4.982605866751031,-1,-0.17696384755381123,1,0.17696384755381123,2,1,Critical,84.67,Critical,User has a permission count within the highest 10% of the organization. User holds an unusually high number of roles. Isolation Forest detected an unusual access pattern. K-Means placed the user in a critical-privilege cluster. User was previously identified with potentially excessive permissions.,Immediate security review recommended. Validate business need and remove unnecessary permissions using least-privilege principles.
nmiller,17.0,3,1,5.666666666666667,3.6447197988253186,2.296564968232955,-1,-0.15651979017870077,1,0.15651979017870077,2,1,Critical,84.0,Critical,User has a permission count within the highest 10% of the organization. User holds an unusually high number of roles. Isolation Forest detected an unusual access pattern. K-Means placed the user in a critical-privilege cluster. User was previously identified with potentially excessive permissions.,Immediate security review recommended. Validate business need and remove unnecessary permissions using least-privilege principles.
nwilliams,15.0,4,1,3.75,3.0278419767392277,3.6395854174919933,-1,-0.11973425712350583,1,0.11973425712350583,2,1,Critical,83.33,Critical,User has a permission count within the highest 10% of the organization. User holds an unusually high number of roles. Isolation Forest detected an unusual access pattern. K-Means placed the user in a critical-privilege cluster. User was previously identified with potentially excessive permissions.,Immediate security review recommended. Validate business need and remove unnecessary permissions using least-privilege principles.
jperez,14.0,3,1,4.666666666666667,2.7194030656961825,2.296564968232955,-1,-0.11291883354446741,1,0.11291883354446741,1,2,High,78.0,Critical,User has a permission count within the highest 10% of the organization. User holds an unusually high number of roles. Isolation Forest detected an unusual access pattern. K-Means placed the user in a high-privilege cluster. User was previously identified with potentially excessive permissions.,Immediate security review recommended. Validate business need and remove unnecessary permissions using least-privilege principles.
wjohnson,14.0,2,1,7.0,2.7194030656961825,0.953544518973917,-1,-0.13053252438027685,1,0.13053252438027685,1,2,High,74.67,High,User has a permission count within the highest 10% of the organization. User holds an unusually high number of roles. Isolation Forest detected an unusual access pattern. K-Means placed the user in a high-privilege cluster. User was previously identified with potentially excessive permissions.,Prioritize this account for access review. Review role assignments and confirm elevated permissions are justified.
cdavis,12.0,3,1,4.0,2.102525243610092,2.296564968232955,-1,-0.11942772867080309,1,0.11942772867080309,1,2,High,74.0,High,User has a permission count within the highest 10% of the organization. User holds an unusually high number of roles. Isolation Forest detected an unusual access pattern. K-Means placed the user in a high-privilege cluster. User was previously identified with potentially excessive permissions.,Prioritize this account for access review. Review role assignments and confirm elevated permissions are justified.
cthomas,12.0,2,1,6.0,2.102525243610092,0.953544518973917,-1,-0.07797216313942223,1,0.07797216313942223,1,2,High,70.67,High,User has a permission count within the highest 10% of the organization. User holds an unusually high number of roles. Isolation Forest detected an unusual access pattern. K-Means placed the user in a high-privilege cluster. User was previously identified with potentially excessive permissions.,Prioritize this account for access review. Review role assignments and confirm elevated permissions are justified.
rwhite,11.0,2,1,5.5,1.7940863325670466,0.953544518973917,-1,-0.03264699089394163,1,0.03264699089394163,1,2,High,68.67,High,User has a permission count within the highest 10% of the organization. User holds an unusually high number of roles. Isolation Forest detected an unusual access pattern. K-Means placed the user in a high-privilege cluster. User was previously identified with potentially excessive permissions.,Prioritize this account for access review. Review role assignments and confirm elevated permissions are justified.
smartinez2,11.0,2,1,5.5,1.7940863325670466,0.953544518973917,-1,-0.03264699089394163,1,0.03264699089394163,1,2,High,68.67,High,User has a permission count within the highest 10% of the organization. User holds an unusually high number of roles. Isolation Forest detected an unusual access pattern. K-Means placed the user in a high-privilege cluster. User was previously identified with potentially excessive permissions.,Prioritize this account for access review. Review role assignments and confirm elevated permissions are justified.
nrodriguez,10.0,1,1,10.0,1.4856474215240014,-0.3894759302851211,-1,-0.12106153429145994,1,0.12106153429145994,0,3,Medium,63.33,High,User has a permission count within the highest 10% of the organization. Isolation Forest detected an unusual access pattern. User was previously identified with potentially excessive permissions.,Prioritize this account for access review. Review role assignments and confirm elevated permissions are justified.
mdavis,10.0,1,1,10.0,1.4856474215240014,-0.3894759302851211,-1,-0.12106153429145994,1,0.12106153429145994,0,3,Medium,63.33,High,User has a permission count within the highest 10% of the organization. Isolation Forest detected an unusual access pattern. User was previously identified with potentially excessive permissions.,Prioritize this account for access review. Review role assignments and confirm elevated permissions are justified.
mlewis,10.0,1,1,10.0,1.4856474215240014,-0.3894759302851211,-1,-0.12106153429145994,1,0.12106153429145994,0,3,Medium,63.33,High,User has a permission count within the highest 10% of the organization. Isolation Forest detected an unusual access pattern. User was previously identified with potentially excessive permissions.,Prioritize this account for access review. Review role assignments and confirm elevated permissions are justified.
jjackson1,10.0,1,1,10.0,1.4856474215240014,-0.3894759302851211,-1,-0.12106153429145994,1,0.12106153429145994,0,3,Medium,63.33,High,User has a permission count within the highest 10% of the organization. Isolation Forest detected an unusual access pattern. User was previously identified with potentially excessive permissions.,Prioritize this account for access review. Review role assignments and confirm elevated permissions are justified.
hwhite,8.0,1,0,8.0,0.8687695994379108,-0.3894759302851211,-1,-0.01372813877479051,1,0.01372813877479051,0,3,Medium,44.33,Medium,User has an above-median number of permissions. Isolation Forest detected an unusual access pattern.,Schedule a standard access review and monitor future changes to permissions and role assignments.
rwilliams,8.0,1,0,8.0,0.8687695994379108,-0.3894759302851211,-1,-0.01372813877479051,1,0.01372813877479051,0,3,Medium,44.33,Medium,User has an above-median number of permissions. Isolation Forest detected an unusual access pattern.,Schedule a standard access review and monitor future changes to permissions and role assignments.
ithomas,8.0,1,0,8.0,0.8687695994379108,-0.3894759302851211,-1,-0.01372813877479051,1,0.01372813877479051,0,3,Medium,44.33,Medium,User has an above-median number of permissions. Isolation Forest detected an unusual access pattern.,Schedule a standard access review and monitor future changes to permissions and role assignments.
mramirez,8.0,1,0,8.0,0.8687695994379108,-0.3894759302851211,-1,-0.01372813877479051,1,0.01372813877479051,0,3,Medium,44.33,Medium,User has an above-median number of permissions. Isolation Forest detected an unusual access pattern.,Schedule a standard access review and monitor future changes to permissions and role assignments.
aramirez1,8.0,1,0,8.0,0.8687695994379108,-0.3894759302851211,-1,-0.01372813877479051,1,0.01372813877479051,0,3,Medium,44.33,Medium,User has an above-median number of permissions. Isolation Forest detected an unusual access pattern.,Schedule a standard access review and monitor future changes to permissions and role assignments.
dmartinez,8.0,1,0,8.0,0.8687695994379108,-0.3894759302851211,-1,-0.01372813877479051,1,0.01372813877479051,0,3,Medium,44.33,Medium,User has an above-median number of permissions. Isolation Forest detected an unusual access pattern.,Schedule a standard access review and monitor future changes to permissions and role assignments.
amartin,8.0,1,0,8.0,0.8687695994379108,-0.3894759302851211,-1,-0.01372813877479051,1,0.01372813877479051,0,3,Medium,44.33,Medium,User has an above-median number of permissions. Isolation Forest detected an unusual access pattern.,Schedule a standard access review and monitor future changes to permissions and role assignments.
jmartin,4.0,2,0,2.0,-0.3649860447342703,0.953544518973917,-1,-0.09308245669753368,1,0.09308245669753368,3,4,Low,39.67,Medium,User has an above-median number of permissions. User holds an unusually high number of roles. Isolation Forest detected an unusual access pattern.,Schedule a standard access review and monitor future changes to permissions and role assignments.
amoore,4.0,2,0,2.0,-0.3649860447342703,0.953544518973917,-1,-0.09308245669753368,1,0.09308245669753368,3,4,Low,39.67,Medium,User has an above-median number of permissions. User holds an unusually high number of roles. Isolation Forest detected an unusual access pattern.,Schedule a standard access review and monitor future changes to permissions and role assignments.
eperez,4.0,2,0,2.0,-0.3649860447342703,0.953544518973917,-1,-0.09308245669753368,1,0.09308245669753368,3,4,Low,39.67,Medium,User has an above-median number of permissions. User holds an unusually high number of roles. Isolation Forest detected an unusual access pattern.,Schedule a standard access review and monitor future changes to permissions and role assignments.
