username,permission_count,role_count,ai_cluster,cluster_risk_rank,cluster_risk_level,ai_risk_score,ai_risk_level
awhite,19.0,6,2,1,Critical,98.0,Critical
mwhite1,19.0,5,2,1,Critical,94.67,Critical
mmartinez1,20.0,4,2,1,Critical,93.33,Critical
aanderson2,18.0,5,2,1,Critical,92.67,Critical
etaylor,17.0,5,2,1,Critical,90.67,Critical
emiller,17.0,5,2,1,Critical,90.67,Critical
mperez,16.0,4,2,1,Critical,85.33,Critical
csmith,14.0,5,2,1,Critical,84.67,Critical
nmiller,17.0,3,2,1,Critical,84.0,Critical
nwilliams,15.0,4,2,1,Critical,83.33,Critical
jperez,14.0,3,1,2,High,78.0,Critical
wjohnson,14.0,2,1,2,High,74.67,High
cdavis,12.0,3,1,2,High,74.0,High
cthomas,12.0,2,1,2,High,70.67,High
rwhite,11.0,2,1,2,High,68.67,High
smartinez2,11.0,2,1,2,High,68.67,High
nrodriguez,10.0,1,0,3,Medium,63.33,High
mdavis,10.0,1,0,3,Medium,63.33,High
mlewis,10.0,1,0,3,Medium,63.33,High
jjackson1,10.0,1,0,3,Medium,63.33,High
hwhite,8.0,1,0,3,Medium,44.33,Medium
rwilliams,8.0,1,0,3,Medium,44.33,Medium
ithomas,8.0,1,0,3,Medium,44.33,Medium
mramirez,8.0,1,0,3,Medium,44.33,Medium
aramirez1,8.0,1,0,3,Medium,44.33,Medium
dmartinez,8.0,1,0,3,Medium,44.33,Medium
amartin,8.0,1,0,3,Medium,44.33,Medium
srodriguez,10.0,2,1,2,High,41.67,Medium
jwilliams,10.0,2,1,2,High,41.67,Medium
rlopez,10.0,2,1,2,High,41.67,Medium
cmartin1,10.0,2,1,2,High,41.67,Medium
sanderson,10.0,2,1,2,High,41.67,Medium
mclark,10.0,2,1,2,High,41.67,Medium
mdavis2,10.0,2,1,2,High,41.67,Medium
jmartin,4.0,2,3,4,Low,39.67,Medium
amoore,4.0,2,3,4,Low,39.67,Medium
eperez,4.0,2,3,4,Low,39.67,Medium
gwilson,9.0,2,1,2,High,24.67,Low
aanderson,9.0,2,1,2,High,24.67,Low
ajackson,9.0,2,1,2,High,24.67,Low
chernandez1,9.0,2,1,2,High,24.67,Low
ksanchez,9.0,2,1,2,High,24.67,Low
jsanchez,9.0,2,1,2,High,24.67,Low
pharris,9.0,2,1,2,High,24.67,Low
srobinson,8.0,2,1,2,High,22.67,Low
ataylor1,8.0,2,1,2,High,22.67,Low
mjones,8.0,2,1,2,High,22.67,Low
wlee,8.0,2,1,2,High,22.67,Low
hwilliams,8.0,2,1,2,High,22.67,Low
odavis,8.0,2,1,2,High,22.67,Low
hhernandez,7.0,2,1,2,High,20.67,Low
cjones1,7.0,2,1,2,High,20.67,Low
pmartinez,7.0,2,1,2,High,20.67,Low
cgarcia1,7.0,2,1,2,High,20.67,Low
jjackson2,7.0,2,1,2,High,20.67,Low
aharris,7.0,2,1,2,High,20.67,Low
gharris,6.0,2,1,2,High,18.67,Low
elewis,6.0,2,1,2,High,18.67,Low
irodriguez,6.0,2,1,2,High,18.67,Low
wjackson,6.0,2,1,2,High,18.67,Low
abrown1,6.0,2,1,2,High,18.67,Low
jmoore1,6.0,2,1,2,High,18.67,Low
jgarcia1,6.0,2,1,2,High,18.67,Low
msanchez1,6.0,2,1,2,High,18.67,Low
hjackson,7.0,1,0,3,Medium,17.33,Low
ewilliams,7.0,1,0,3,Medium,17.33,Low
awhite1,7.0,1,0,3,Medium,17.33,Low
swilson,7.0,1,0,3,Medium,17.33,Low
hharris,7.0,1,0,3,Medium,17.33,Low
jrodriguez,7.0,1,0,3,Medium,17.33,Low
jwilliams1,7.0,1,0,3,Medium,17.33,Low
jmiller,7.0,1,0,3,Medium,17.33,Low
hthomas1,7.0,1,0,3,Medium,17.33,Low
mclark1,7.0,1,0,3,Medium,17.33,Low
wanderson,5.0,2,1,2,High,16.67,Low
itaylor,5.0,2,1,2,High,16.67,Low
swilliams,5.0,2,1,2,High,16.67,Low
ethompson,5.0,2,1,2,High,16.67,Low
ewilson1,5.0,2,1,2,High,16.67,Low
mwilliams,5.0,2,1,2,High,16.67,Low
dwilliams,6.0,1,0,3,Medium,15.33,Low
vjackson,6.0,1,0,3,Medium,15.33,Low
arobinson,6.0,1,0,3,Medium,15.33,Low
cperez,6.0,1,0,3,Medium,15.33,Low
jjohnson,6.0,1,0,3,Medium,15.33,Low
mwhite,6.0,1,0,3,Medium,15.33,Low
dmoore1,6.0,1,0,3,Medium,15.33,Low
klopez,6.0,1,0,3,Medium,15.33,Low
rgonzalez,6.0,1,0,3,Medium,15.33,Low
dtaylor,6.0,1,0,3,Medium,15.33,Low
hjones1,6.0,1,0,3,Medium,15.33,Low
vgonzalez,6.0,1,0,3,Medium,15.33,Low
tramirez,6.0,1,0,3,Medium,15.33,Low
drodriguez,6.0,1,0,3,Medium,15.33,Low
jmoore,6.0,1,0,3,Medium,15.33,Low
tlee,6.0,1,0,3,Medium,15.33,Low
arobinson1,6.0,1,0,3,Medium,15.33,Low
kthompson,6.0,1,0,3,Medium,15.33,Low
ithompson,6.0,1,0,3,Medium,15.33,Low
abrown2,6.0,1,0,3,Medium,15.33,Low
ggonzalez,6.0,1,0,3,Medium,15.33,Low
rtaylor,6.0,1,0,3,Medium,15.33,Low
dwilliams2,6.0,1,0,3,Medium,15.33,Low
ddavis1,6.0,1,0,3,Medium,15.33,Low
mgonzalez,6.0,1,0,3,Medium,15.33,Low
rmartinez,6.0,1,0,3,Medium,15.33,Low
tgonzalez,6.0,1,0,3,Medium,15.33,Low
smartinez1,6.0,1,0,3,Medium,15.33,Low
oclark,6.0,1,0,3,Medium,15.33,Low
drodriguez1,6.0,1,0,3,Medium,15.33,Low
ejones,6.0,1,0,3,Medium,15.33,Low
oharris,6.0,1,0,3,Medium,15.33,Low
ogarcia,6.0,1,0,3,Medium,15.33,Low
kmartinez,6.0,1,0,3,Medium,15.33,Low
wanderson2,6.0,1,0,3,Medium,15.33,Low
sramirez,5.0,1,0,3,Medium,13.33,Low
cmartin,5.0,1,0,3,Medium,13.33,Low
manderson,5.0,1,0,3,Medium,13.33,Low
ataylor,5.0,1,0,3,Medium,13.33,Low
mdavis1,5.0,1,0,3,Medium,13.33,Low
orodriguez,5.0,1,0,3,Medium,13.33,Low
ghernandez,5.0,1,0,3,Medium,13.33,Low
rbrown1,5.0,1,0,3,Medium,13.33,Low
csanchez,5.0,1,0,3,Medium,13.33,Low
nmartin,5.0,1,0,3,Medium,13.33,Low
ahernandez,5.0,1,0,3,Medium,13.33,Low
ebrown,5.0,1,0,3,Medium,13.33,Low
athompson,5.0,1,0,3,Medium,13.33,Low
kmartin,5.0,1,0,3,Medium,13.33,Low
jgarcia,5.0,1,0,3,Medium,13.33,Low
randerson,5.0,1,0,3,Medium,13.33,Low
tramirez1,5.0,1,0,3,Medium,13.33,Low
erodriguez,5.0,1,0,3,Medium,13.33,Low
esanchez,5.0,1,0,3,Medium,13.33,Low
mrobinson,5.0,1,0,3,Medium,13.33,Low
esmith,5.0,1,0,3,Medium,13.33,Low
irodriguez1,5.0,1,0,3,Medium,13.33,Low
etaylor1,5.0,1,0,3,Medium,13.33,Low
cramirez,5.0,1,0,3,Medium,13.33,Low
njohnson,5.0,1,0,3,Medium,13.33,Low
ddavis2,5.0,1,0,3,Medium,13.33,Low
aanderson1,5.0,1,0,3,Medium,13.33,Low
dmartin,5.0,1,0,3,Medium,13.33,Low
elopez,5.0,1,0,3,Medium,13.33,Low
mgarcia,5.0,1,0,3,Medium,13.33,Low
panderson,5.0,1,0,3,Medium,13.33,Low
amiller,5.0,1,0,3,Medium,13.33,Low
emoore1,5.0,1,0,3,Medium,13.33,Low
tmartin,5.0,1,0,3,Medium,13.33,Low
vlewis,4.0,1,3,4,Low,11.33,Low
rbrown,4.0,1,3,4,Low,11.33,Low
asanchez,4.0,1,3,4,Low,11.33,Low
hthomas,4.0,1,3,4,Low,11.33,Low
wlewis,4.0,1,3,4,Low,11.33,Low
emartinez,4.0,1,3,4,Low,11.33,Low
ewilson,4.0,1,3,4,Low,11.33,Low
arodriguez,4.0,1,3,4,Low,11.33,Low
imoore,4.0,1,3,4,Low,11.33,Low
danderson,4.0,1,3,4,Low,11.33,Low
jjackson,4.0,1,3,4,Low,11.33,Low
kjackson,4.0,1,3,4,Low,11.33,Low
ijohnson,4.0,1,3,4,Low,11.33,Low
dramirez1,4.0,1,3,4,Low,11.33,Low
hmartinez,4.0,1,3,4,Low,11.33,Low
wjones,4.0,1,3,4,Low,11.33,Low
pramirez,4.0,1,3,4,Low,11.33,Low
djackson,4.0,1,3,4,Low,11.33,Low
cwhite,4.0,1,3,4,Low,11.33,Low
chernandez,4.0,1,3,4,Low,11.33,Low
sramirez2,4.0,1,3,4,Low,11.33,Low
wramirez,4.0,1,3,4,Low,11.33,Low
sanderson1,4.0,1,3,4,Low,11.33,Low
staylor1,4.0,1,3,4,Low,11.33,Low
vlee,4.0,1,3,4,Low,11.33,Low
owilliams,4.0,1,3,4,Low,11.33,Low
cwilliams,4.0,1,3,4,Low,11.33,Low
mgonzalez1,4.0,1,3,4,Low,11.33,Low
aperez,4.0,1,3,4,Low,11.33,Low
gtaylor,4.0,1,3,4,Low,11.33,Low
wlopez,4.0,1,3,4,Low,11.33,Low
ghernandez1,4.0,1,3,4,Low,11.33,Low
rsanchez,4.0,1,3,4,Low,11.33,Low
ajohnson2,4.0,1,3,4,Low,11.33,Low
gwilliams,3.0,1,3,4,Low,9.33,Low
staylor,3.0,1,3,4,Low,9.33,Low
mthompson,3.0,1,3,4,Low,9.33,Low
obrown,3.0,1,3,4,Low,9.33,Low
dmoore,3.0,1,3,4,Low,9.33,Low
egarcia,3.0,1,3,4,Low,9.33,Low
wmartin,3.0,1,3,4,Low,9.33,Low
jrobinson,3.0,1,3,4,Low,9.33,Low
ethomas,3.0,1,3,4,Low,9.33,Low
cgarcia,3.0,1,3,4,Low,9.33,Low
mthompson1,3.0,1,3,4,Low,9.33,Low
osanchez,3.0,1,3,4,Low,9.33,Low
twilson,3.0,1,3,4,Low,9.33,Low
mbrown,3.0,1,3,4,Low,9.33,Low
krobinson,3.0,1,3,4,Low,9.33,Low
isanchez,3.0,1,3,4,Low,9.33,Low
ajohnson,3.0,1,3,4,Low,9.33,Low
omartin,3.0,1,3,4,Low,9.33,Low
rharris,3.0,1,3,4,Low,9.33,Low
awilliams,3.0,1,3,4,Low,9.33,Low
djones,3.0,1,3,4,Low,9.33,Low
dwilliams1,3.0,1,3,4,Low,9.33,Low
mmiller,3.0,1,3,4,Low,9.33,Low
jrobinson1,3.0,1,3,4,Low,9.33,Low
sdavis,3.0,1,3,4,Low,9.33,Low
nsanchez,3.0,1,3,4,Low,9.33,Low
eanderson,3.0,1,3,4,Low,9.33,Low
ssanchez,3.0,1,3,4,Low,9.33,Low
eanderson1,3.0,1,3,4,Low,9.33,Low
mjones1,3.0,1,3,4,Low,9.33,Low
kthompson1,3.0,1,3,4,Low,9.33,Low
rlewis,3.0,1,3,4,Low,9.33,Low
ddavis,3.0,1,3,4,Low,9.33,Low
swilson1,3.0,1,3,4,Low,9.33,Low
janderson,3.0,1,3,4,Low,9.33,Low
ktaylor,3.0,1,3,4,Low,9.33,Low
aramirez,3.0,1,3,4,Low,9.33,Low
agonzalez1,3.0,1,3,4,Low,9.33,Low
ttaylor,3.0,1,3,4,Low,9.33,Low
kdavis,3.0,1,3,4,Low,9.33,Low
randerson1,3.0,1,3,4,Low,9.33,Low
ptaylor,3.0,1,3,4,Low,9.33,Low
sramirez1,3.0,1,3,4,Low,9.33,Low
vmartinez,3.0,1,3,4,Low,9.33,Low
smartin,3.0,1,3,4,Low,9.33,Low
ajohnson1,3.0,1,3,4,Low,9.33,Low
ewhite,3.0,1,3,4,Low,9.33,Low
esanchez1,3.0,1,3,4,Low,9.33,Low
dlewis,3.0,1,3,4,Low,9.33,Low
sjohnson,3.0,1,3,4,Low,9.33,Low
pjones,3.0,1,3,4,Low,9.33,Low
abrown3,3.0,1,3,4,Low,9.33,Low
pjackson,3.0,1,3,4,Low,9.33,Low
mthomas,3.0,1,3,4,Low,9.33,Low
ewilliams1,3.0,1,3,4,Low,9.33,Low
ssanchez1,3.0,1,3,4,Low,9.33,Low
jsmith1,3.0,1,3,4,Low,9.33,Low
mlopez,3.0,1,3,4,Low,9.33,Low
tharris,3.0,1,3,4,Low,9.33,Low
imartinez,3.0,1,3,4,Low,9.33,Low
cjackson,3.0,1,3,4,Low,9.33,Low
dharris,3.0,1,3,4,Low,9.33,Low
rjohnson,3.0,1,3,4,Low,9.33,Low
randerson2,3.0,1,3,4,Low,9.33,Low
ejones1,3.0,1,3,4,Low,9.33,Low
kgonzalez,3.0,1,3,4,Low,9.33,Low
tperez,3.0,1,3,4,Low,9.33,Low
sjohnson1,3.0,1,3,4,Low,9.33,Low
aanderson3,3.0,1,3,4,Low,9.33,Low
dharris1,3.0,1,3,4,Low,9.33,Low
edavis1,3.0,1,3,4,Low,9.33,Low
ntaylor,3.0,1,3,4,Low,9.33,Low
dmartinez1,3.0,1,3,4,Low,9.33,Low
rlee,3.0,1,3,4,Low,9.33,Low
asanchez1,3.0,1,3,4,Low,9.33,Low
msmith,3.0,1,3,4,Low,9.33,Low
rmartin,3.0,1,3,4,Low,9.33,Low
ataylor2,3.0,1,3,4,Low,9.33,Low
wanderson1,3.0,1,3,4,Low,9.33,Low
etaylor2,3.0,1,3,4,Low,9.33,Low
jsmith,2.0,1,3,4,Low,7.33,Low
hjones,2.0,1,3,4,Low,7.33,Low
abrown,2.0,1,3,4,Low,7.33,Low
dramirez,2.0,1,3,4,Low,7.33,Low
edavis,2.0,1,3,4,Low,7.33,Low
gthompson,2.0,1,3,4,Low,7.33,Low
cjones,2.0,1,3,4,Low,7.33,Low
msanchez,2.0,1,3,4,Low,7.33,Low
smartinez,2.0,1,3,4,Low,7.33,Low
sjackson,2.0,1,3,4,Low,7.33,Low
shernandez,2.0,1,3,4,Low,7.33,Low
agonzalez,2.0,1,3,4,Low,7.33,Low
krodriguez,2.0,1,3,4,Low,7.33,Low
gharris1,2.0,1,3,4,Low,7.33,Low
mmartinez,2.0,1,3,4,Low,7.33,Low
gjones,2.0,1,3,4,Low,7.33,Low
mmartin,2.0,1,3,4,Low,7.33,Low
dgarcia,2.0,1,3,4,Low,7.33,Low
hperez,2.0,1,3,4,Low,7.33,Low
drobinson,2.0,1,3,4,Low,7.33,Low
mmiller1,2.0,1,3,4,Low,7.33,Low
hmoore,2.0,1,3,4,Low,7.33,Low
vgonzalez1,2.0,1,3,4,Low,7.33,Low
hlewis,2.0,1,3,4,Low,7.33,Low
tlee1,2.0,1,3,4,Low,7.33,Low
nsmith,2.0,1,3,4,Low,7.33,Low
wlewis1,2.0,1,3,4,Low,7.33,Low
esanchez2,2.0,1,3,4,Low,7.33,Low
othompson,2.0,1,3,4,Low,7.33,Low
nramirez,2.0,1,3,4,Low,7.33,Low
wmartinez,2.0,1,3,4,Low,7.33,Low
emoore,2.0,1,3,4,Low,7.33,Low
osanchez1,2.0,1,3,4,Low,7.33,Low
dsmith,2.0,1,3,4,Low,7.33,Low
elee,2.0,1,3,4,Low,7.33,Low
kramirez,2.0,1,3,4,Low,7.33,Low
sbrown,2.0,1,3,4,Low,7.33,Low
