role_id,permission_id,assignment_source
R001,P001,Role Based Access Control
R001,P002,Role Based Access Control
R001,P018,Role Based Access Control
R002,P001,Role Based Access Control
R002,P002,Role Based Access Control
R002,P003,Role Based Access Control
R002,P005,Role Based Access Control
R002,P018,Role Based Access Control
R002,P023,Role Based Access Control
R003,P005,Role Based Access Control
R003,P006,Role Based Access Control
R003,P007,Role Based Access Control
R003,P035,Role Based Access Control
R003,P036,Role Based Access Control
R004,P018,Role Based Access Control
R004,P020,Role Based Access Control
R004,P023,Role Based Access Control
R004,P035,Role Based Access Control
R005,P001,Role Based Access Control
R005,P002,Role Based Access Control
R005,P003,Role Based Access Control
R005,P018,Role Based Access Control
R005,P019,Role Based Access Control
R005,P023,Role Based Access Control
R005,P024,Role Based Access Control
R006,P008,Role Based Access Control
R006,P027,Role Based Access Control
R006,P035,Role Based Access Control
R007,P008,Role Based Access Control
R007,P009,Role Based Access Control
R007,P010,Role Based Access Control
R007,P011,Role Based Access Control
R007,P035,Role Based Access Control
R008,P011,Role Based Access Control
R008,P012,Role Based Access Control
R009,P014,Role Based Access Control
R009,P015,Role Based Access Control
R010,P014,Role Based Access Control
R010,P015,Role Based Access Control
R010,P011,Role Based Access Control
R011,P016,Role Based Access Control
R011,P027,Role Based Access Control
R012,P016,Role Based Access Control
R012,P017,Role Based Access Control
R012,P027,Role Based Access Control
R012,P028,Role Based Access Control
R013,P025,Role Based Access Control
R013,P026,Role Based Access Control
R014,P025,Role Based Access Control
R014,P026,Role Based Access Control
R014,P035,Role Based Access Control
R015,P031,Role Based Access Control
R015,P032,Role Based Access Control
R015,P035,Role Based Access Control
R016,P031,Role Based Access Control
R016,P032,Role Based Access Control
R016,P035,Role Based Access Control
R016,P036,Role Based Access Control
R017,P029,Role Based Access Control
R017,P030,Role Based Access Control
R017,P035,Role Based Access Control
R018,P008,Role Based Access Control
R018,P010,Role Based Access Control
R018,P014,Role Based Access Control
R018,P016,Role Based Access Control
R018,P023,Role Based Access Control
R018,P035,Role Based Access Control
R019,P020,Role Based Access Control
R019,P021,Role Based Access Control
R019,P025,Role Based Access Control
R020,P020,Role Based Access Control
R020,P021,Role Based Access Control
R020,P022,Role Based Access Control
R020,P023,Role Based Access Control
R020,P035,Role Based Access Control
R021,P016,Role Based Access Control
R021,P033,Role Based Access Control
R021,P034,Role Based Access Control
R022,P016,Role Based Access Control
R022,P017,Role Based Access Control
R022,P033,Role Based Access Control
R022,P034,Role Based Access Control
R023,P001,Role Based Access Control
R023,P005,Role Based Access Control
R023,P008,Role Based Access Control
R023,P014,Role Based Access Control
R023,P018,Role Based Access Control
R023,P020,Role Based Access Control
R023,P023,Role Based Access Control
R023,P035,Role Based Access Control
R024,P001,Role Based Access Control
R024,P002,Role Based Access Control
R024,P003,Role Based Access Control
R024,P004,Role Based Access Control
R024,P005,Role Based Access Control
R024,P007,Role Based Access Control
R024,P018,Role Based Access Control
R024,P019,Role Based Access Control
R024,P023,Role Based Access Control
R024,P024,Role Based Access Control
