user_id,role_id,assignment_type,assigned_date
U0001,R013,Primary,2025-06-04
U0002,R019,Primary,2024-02-14
U0003,R019,Primary,2018-09-16
U0004,R012,Primary,2026-07-02
U0004,R018,Additional,2024-02-06
U0005,R017,Primary,2018-01-04
U0006,R006,Primary,2022-09-19
U0007,R024,Primary,2022-04-30
U0008,R014,Primary,2018-09-03
U0009,R022,Primary,2016-12-24
U0009,R024,Additional,2026-01-08
U0010,R007,Primary,2017-03-21
U0011,R015,Primary,2018-09-14
U0012,R021,Primary,2022-04-26
U0013,R021,Primary,2017-02-13
U0014,R024,Primary,2024-03-16
U0015,R016,Primary,2019-05-13
U0016,R013,Primary,2020-07-12
U0017,R020,Primary,2025-01-08
U0017,R010,Additional,2024-12-05
U0018,R006,Primary,2024-10-11
U0019,R007,Primary,2021-04-28
U0020,R023,Primary,2018-12-05
U0020,R019,Additional,2026-03-22
U0021,R014,Primary,2021-09-12
U0021,R021,Additional,2024-08-19
U0022,R003,Primary,2018-01-11
U0023,R007,Primary,2020-11-17
U0024,R009,Primary,2017-11-03
U0025,R003,Primary,2025-04-26
U0025,R001,Additional,2026-06-04
U0026,R013,Primary,2020-03-18
U0026,R022,Additional,2024-06-28
U0027,R018,Primary,2021-03-30
U0028,R014,Primary,2020-07-11
U0029,R014,Primary,2020-10-08
U0030,R011,Primary,2019-12-23
U0031,R019,Primary,2019-07-01
U0032,R007,Primary,2023-11-27
U0033,R018,Primary,2016-09-04
U0034,R018,Primary,2024-06-09
U0035,R022,Primary,2021-05-03
U0036,R021,Primary,2018-05-29
U0037,R006,Primary,2021-07-17
U0038,R010,Primary,2025-09-23
U0039,R004,Primary,2020-07-05
U0040,R012,Primary,2024-03-05
U0040,R002,Additional,2026-03-18
U0041,R024,Primary,2022-03-12
U0042,R018,Primary,2018-05-19
U0043,R018,Primary,2025-12-01
U0044,R023,Primary,2026-01-04
U0045,R004,Primary,2020-11-16
U0046,R009,Primary,2023-12-08
U0047,R019,Primary,2021-11-14
U0048,R005,Primary,2018-07-17
U0049,R013,Primary,2023-03-18
U0050,R007,Primary,2020-04-04
U0050,R013,Additional,2025-03-17
U0051,R023,Primary,2022-08-29
U0052,R012,Primary,2017-03-22
U0053,R013,Primary,2020-05-09
U0054,R021,Primary,2025-05-16
U0055,R013,Primary,2024-04-16
U0056,R018,Primary,2021-10-28
U0056,R010,Additional,2024-01-01
U0057,R002,Primary,2023-08-21
U0058,R018,Primary,2016-09-01
U0059,R002,Primary,2026-02-07
U0060,R002,Primary,2019-02-04
U0061,R023,Primary,2023-12-02
U0061,R011,Additional,2024-01-13
U0062,R009,Primary,2022-11-06
U0063,R021,Primary,2017-09-28
U0064,R002,Primary,2021-05-30
U0065,R011,Primary,2022-02-07
U0066,R007,Primary,2022-02-02
U0067,R003,Primary,2023-08-06
U0068,R020,Primary,2023-01-21
U0069,R005,Primary,2024-06-10
U0069,R014,Additional,2025-03-27
U0070,R017,Primary,2025-10-15
U0071,R015,Primary,2023-03-16
U0072,R022,Primary,2023-04-04
U0073,R012,Primary,2024-08-15
U0073,R010,Additional,2025-04-07
U0074,R013,Primary,2024-03-20
U0075,R020,Primary,2021-08-12
U0076,R018,Primary,2019-02-16
U0077,R008,Primary,2017-07-12
U0078,R002,Primary,2019-09-20
U0078,R005,Additional,2025-06-11
U0079,R017,Primary,2022-04-08
U0079,R009,Additional,2024-08-12
U0080,R011,Primary,2016-12-03
U0081,R017,Primary,2018-10-08
U0082,R002,Primary,2025-03-18
U0082,R003,Additional,2025-01-20
U0083,R018,Primary,2018-07-04
U0084,R004,Primary,2021-04-01
U0085,R012,Primary,2023-06-30
U0086,R014,Primary,2020-07-07
U0087,R010,Primary,2018-08-26
U0088,R017,Primary,2021-11-28
U0089,R017,Primary,2017-12-27
U0090,R018,Primary,2022-03-14
U0091,R004,Primary,2023-07-07
U0092,R003,Primary,2017-08-15
U0092,R005,Additional,2025-07-19
U0093,R009,Primary,2020-08-01
U0094,R017,Primary,2021-10-07
U0095,R018,Primary,2022-11-26
U0096,R016,Primary,2017-03-30
U0097,R006,Primary,2025-12-27
U0097,R021,Additional,2025-03-23
U0098,R021,Primary,2023-10-20
U0099,R002,Primary,2021-04-06
U0099,R003,Additional,2026-04-08
U0100,R012,Primary,2024-09-09
U0101,R007,Primary,2026-04-14
U0102,R022,Primary,2024-05-07
U0103,R021,Primary,2023-03-11
U0103,R017,Additional,2026-04-05
U0104,R006,Primary,2021-10-08
U0105,R005,Primary,2021-11-11
U0106,R017,Primary,2021-09-09
U0106,R021,Additional,2024-07-30
U0107,R005,Primary,2020-07-15
U0108,R017,Primary,2023-10-27
U0109,R018,Primary,2019-01-30
U0110,R003,Primary,2024-03-12
U0111,R014,Primary,2018-09-16
U0112,R002,Primary,2018-07-01
U0113,R023,Primary,2018-08-04
U0114,R003,Primary,2018-10-25
U0114,R012,Additional,2024-10-06
U0115,R022,Primary,2020-08-14
U0115,R014,Additional,2025-01-06
U0116,R005,Primary,2023-07-15
U0117,R011,Primary,2018-03-30
U0118,R009,Primary,2023-06-22
U0119,R005,Primary,2017-03-27
U0120,R011,Primary,2018-08-19
U0121,R013,Primary,2018-10-02
U0122,R018,Primary,2021-04-23
U0123,R015,Primary,2016-11-28
U0124,R007,Primary,2019-07-07
U0125,R010,Primary,2023-10-16
U0126,R017,Primary,2022-04-22
U0126,R016,Additional,2026-03-05
U0127,R018,Primary,2019-08-11
U0128,R008,Primary,2019-03-02
U0129,R011,Primary,2021-12-28
U0130,R020,Primary,2023-05-05
U0131,R018,Primary,2017-09-27
U0132,R011,Primary,2019-04-24
U0133,R013,Primary,2017-09-07
U0134,R020,Primary,2018-11-07
U0135,R017,Primary,2019-11-13
U0136,R017,Primary,2026-04-14
U0137,R021,Primary,2019-01-13
U0138,R024,Primary,2021-08-12
U0139,R020,Primary,2021-04-20
U0140,R015,Primary,2022-11-16
U0141,R018,Primary,2020-05-27
U0142,R007,Primary,2017-11-28
U0143,R023,Primary,2021-05-23
U0144,R012,Primary,2018-01-19
U0145,R013,Primary,2021-08-29
U0146,R002,Primary,2023-02-02
U0147,R004,Primary,2017-02-19
U0148,R006,Primary,2018-07-15
U0149,R014,Primary,2023-11-03
U0150,R009,Primary,2020-11-15
U0151,R007,Primary,2017-09-27
U0152,R003,Primary,2020-01-26
U0153,R010,Primary,2020-05-20
U0154,R018,Primary,2023-11-23
U0155,R011,Primary,2021-04-08
U0156,R021,Primary,2026-02-27
U0157,R019,Primary,2021-08-20
U0158,R018,Primary,2019-03-26
U0159,R018,Primary,2022-02-11
U0160,R016,Primary,2019-07-18
U0161,R023,Primary,2019-06-30
U0162,R006,Primary,2018-09-05
U0163,R010,Primary,2026-01-21
U0164,R003,Primary,2024-12-09
U0165,R017,Primary,2025-09-08
U0166,R017,Primary,2020-01-13
U0167,R018,Primary,2026-06-20
U0168,R013,Primary,2022-09-12
U0169,R022,Primary,2023-03-09
U0170,R018,Primary,2022-07-19
U0171,R014,Primary,2020-03-23
U0172,R020,Primary,2023-05-13
U0173,R015,Primary,2018-12-21
U0174,R008,Primary,2017-09-23
U0175,R019,Primary,2023-04-07
U0176,R017,Primary,2020-07-10
U0177,R004,Primary,2017-04-29
U0178,R014,Primary,2021-04-27
U0179,R012,Primary,2022-02-23
U0180,R005,Primary,2018-03-05
U0181,R017,Primary,2023-12-14
U0181,R002,Additional,2025-11-05
U0182,R020,Primary,2024-02-03
U0183,R018,Primary,2026-01-24
U0183,R015,Additional,2024-10-24
U0184,R018,Primary,2020-07-18
U0185,R018,Primary,2018-06-04
U0186,R017,Primary,2019-09-02
U0187,R003,Primary,2021-08-02
U0188,R016,Primary,2019-05-05
U0189,R017,Primary,2017-01-23
U0190,R021,Primary,2022-10-31
U0190,R020,Additional,2024-07-29
U0191,R019,Primary,2020-05-10
U0192,R012,Primary,2017-09-23
U0193,R013,Primary,2017-08-14
U0194,R021,Primary,2017-09-18
U0195,R015,Primary,2025-02-24
U0196,R006,Primary,2017-11-06
U0196,R015,Additional,2025-09-22
U0197,R020,Primary,2019-09-04
U0198,R022,Primary,2026-03-23
U0198,R005,Additional,2026-08-21
U0199,R017,Primary,2021-08-07
U0200,R008,Primary,2025-02-27
U0201,R022,Primary,2019-11-16
U0201,R021,Additional,2024-01-12
U0202,R018,Primary,2025-04-16
U0203,R012,Primary,2021-12-07
U0204,R018,Primary,2023-01-25
U0205,R022,Primary,2018-11-14
U0206,R006,Primary,2018-03-23
U0207,R009,Primary,2020-04-10
U0208,R022,Primary,2019-02-10
U0208,R003,Additional,2024-10-28
U0209,R003,Primary,2020-02-03
U0210,R010,Primary,2025-05-11
U0211,R004,Primary,2020-02-19
U0212,R017,Primary,2019-03-13
U0213,R010,Primary,2022-08-21
U0214,R010,Primary,2018-04-06
U0214,R006,Additional,2024-01-13
U0215,R005,Primary,2022-10-01
U0216,R014,Primary,2020-03-17
U0217,R002,Primary,2026-01-06
U0218,R018,Primary,2021-12-05
U0219,R005,Primary,2023-05-25
U0220,R005,Primary,2022-02-21
U0221,R003,Primary,2017-12-19
U0222,R014,Primary,2020-12-29
U0223,R009,Primary,2017-03-24
U0223,R020,Additional,2024-12-17
U0224,R017,Primary,2021-06-01
U0224,R011,Additional,2025-11-08
U0225,R016,Primary,2018-08-13
U0226,R006,Primary,2024-08-24
U0227,R016,Primary,2023-11-05
U0228,R017,Primary,2023-02-04
U0229,R015,Primary,2025-04-17
U0229,R018,Additional,2025-05-04
U0230,R012,Primary,2017-05-22
U0231,R007,Primary,2019-10-26
U0232,R021,Primary,2019-07-13
U0233,R020,Primary,2016-09-06
U0234,R022,Primary,2019-07-16
U0235,R018,Primary,2023-03-06
U0236,R001,Primary,2021-07-03
U0236,R012,Additional,2024-06-08
U0237,R015,Primary,2016-12-24
U0238,R020,Primary,2020-05-10
U0239,R019,Primary,2021-03-28
U0240,R001,Primary,2017-03-08
U0241,R008,Primary,2023-10-18
U0242,R023,Primary,2022-05-23
U0243,R017,Primary,2019-04-25
U0244,R016,Primary,2018-06-16
U0245,R009,Primary,2024-12-26
U0246,R022,Primary,2018-08-16
U0246,R005,Additional,2025-04-25
U0247,R023,Primary,2017-06-15
U0248,R021,Primary,2021-10-28
U0249,R003,Primary,2024-03-03
U0250,R018,Primary,2024-11-01
U0251,R008,Primary,2016-08-30
U0252,R021,Primary,2024-11-04
U0253,R020,Primary,2022-06-27
U0254,R020,Primary,2023-11-22
U0255,R018,Primary,2020-03-05
U0255,R022,Additional,2025-08-23
U0256,R014,Primary,2017-05-31
U0257,R020,Primary,2021-03-08
U0257,R004,Additional,2025-05-07
U0258,R008,Primary,2023-05-18
U0259,R010,Primary,2024-12-02
U0260,R012,Primary,2021-12-02
U0261,R004,Primary,2025-08-28
U0262,R001,Primary,2019-04-14
U0263,R009,Primary,2017-04-08
U0264,R010,Primary,2026-07-07
U0264,R011,Additional,2025-08-15
U0265,R013,Primary,2018-06-02
U0266,R017,Primary,2025-03-16
U0267,R017,Primary,2017-03-10
U0267,R005,Additional,2025-05-18
U0268,R023,Primary,2023-11-11
U0269,R017,Primary,2021-11-25
U0270,R022,Primary,2020-09-03
U0271,R004,Primary,2021-04-20
U0272,R017,Primary,2022-07-27
U0273,R012,Primary,2022-08-15
U0274,R022,Primary,2021-03-16
U0275,R010,Primary,2024-04-24
U0276,R012,Primary,2020-10-16
U0277,R005,Primary,2019-04-27
U0278,R016,Primary,2017-08-10
U0279,R017,Primary,2022-03-28
U0279,R015,Additional,2025-03-04
U0280,R018,Primary,2020-10-01
U0281,R007,Primary,2019-10-26
U0281,R020,Additional,2026-05-04
U0282,R013,Primary,2019-02-28
U0282,R019,Additional,2024-02-14
U0283,R018,Primary,2022-08-19
U0284,R016,Primary,2017-09-12
U0285,R022,Primary,2017-08-03
U0285,R011,Additional,2024-04-04
U0286,R010,Primary,2025-10-26
U0287,R022,Primary,2020-03-18
U0287,R007,Additional,2024-08-22
U0288,R010,Primary,2022-05-27
U0289,R006,Primary,2022-02-09
U0289,R018,Additional,2025-05-27
U0290,R013,Primary,2024-06-26
U0291,R017,Primary,2023-08-27
U0292,R020,Primary,2025-01-19
U0293,R010,Primary,2017-06-26
U0294,R015,Primary,2023-04-26
U0294,R016,Additional,2024-10-07
U0295,R009,Primary,2020-11-13
U0296,R011,Primary,2026-04-12
U0297,R020,Primary,2020-05-21
U0298,R007,Primary,2018-07-14
U0299,R017,Primary,2023-01-07
U0300,R018,Primary,2017-10-28
U0024,R024,Privileged,2026-02-16
U0024,R007,Privileged,2025-05-27
U0217,R018,Privileged,2026-07-16
U0217,R024,Privileged,2025-09-11
U0217,R005,Privileged,2025-04-20
U0177,R018,Privileged,2026-05-27
U0177,R003,Privileged,2025-11-24
U0177,R005,Privileged,2026-02-06
U0177,R002,Privileged,2025-11-29
U0033,R003,Privileged,2025-08-04
U0033,R002,Privileged,2026-08-15
U0278,R007,Privileged,2025-11-27
U0278,R018,Privileged,2026-02-13
U0278,R024,Privileged,2025-07-01
U0031,R003,Privileged,2026-03-02
U0031,R007,Privileged,2026-06-08
U0036,R003,Privileged,2025-07-08
U0036,R002,Privileged,2025-09-22
U0036,R018,Privileged,2026-01-24
U0242,R002,Privileged,2026-07-06
U0242,R003,Privileged,2025-10-26
U0242,R018,Privileged,2026-08-09
U0242,R024,Privileged,2026-01-10
U0017,R024,Privileged,2026-08-04
U0017,R002,Privileged,2026-02-02
U0017,R003,Privileged,2026-01-14
U0017,R005,Privileged,2026-04-29
U0147,R003,Privileged,2026-03-31
U0147,R002,Privileged,2026-04-29
U0147,R024,Privileged,2025-07-05
U0147,R005,Privileged,2025-05-14
U0210,R018,Privileged,2026-03-25
U0210,R005,Privileged,2025-06-04
U0210,R024,Privileged,2026-06-14
U0210,R002,Privileged,2025-09-22
U0093,R003,Privileged,2026-07-26
U0093,R007,Privileged,2025-11-14
U0093,R005,Privileged,2025-04-28
U0093,R024,Privileged,2025-10-28
